cohort_size_software_identities,configured_failure_probability,seed_count,mean_success_share_percent,bootstrap_95_ci_low_percent,bootstrap_95_ci_high_percent
100,0.01,20,98.89999999999999,98.25,99.45
100,0.02,20,97.99999999999999,97.49999999999999,98.5
100,0.05,20,95.14999999999999,93.89999999999998,96.25
500,0.01,20,98.98999999999998,98.82,99.14999999999998
500,0.02,20,98.22000000000001,97.99999999999999,98.44999999999999
500,0.05,20,95.0,94.63999999999999,95.37
1000,0.01,20,99.04499999999999,98.91,99.175
1000,0.02,20,97.85000000000001,97.68,98.01500000000001
1000,0.05,20,94.95000000000002,94.66500000000002,95.21999999999998
